epoch,step,decay,marglik
9,final,9.99999901978299e-05,-57.336115
