epoch,step,decay,marglik
9,final,0.10000000149011612,-4.613680625
