epoch,step,decay,marglik
9,final,0.009999999776482582,-4.4443021875
