epoch,step,decay,marglik
9,final,9.99999901978299e-05,-4.7303959375
