epoch,step,decay,marglik
9,final,0.009999999776482582,-14.21274875
