epoch,step,decay,marglik
9,final,0.10000000149011612,-12.8534475
