epoch,step,decay,marglik
9,final,9.99999901978299e-05,-10.8230875
