epoch,step,decay,marglik
9,final,0.009999999776482582,-7.7991775
