epoch,step,decay,marglik
9,final,0.10000000149011612,-6.67451875
