num_params,decay,best temperature,test acc,bma test acc,bma s3 acc,test LL,bma test LL,cmll
385266,100.0,0.001,90.86,90.86,97.24000000000001,-0.28845939167439355,-0.28844290701952996,-904.107548679804
