epoch,step,decay,marglik
9,final,0.10000000149011612,-23.5845075
