epoch,step,decay,marglik
9,final,0.10000000149011612,-1.86685453125
