epoch,step,decay,marglik
9,final,9.99999901978299e-05,-1.7302009375
