epoch,step,decay,marglik
9,final,0.10000000149011612,-3.07287375
