epoch,step,decay,marglik
9,final,0.009999999776482582,-10.20263125
