epoch,step,decay,marglik
9,final,0.009999999776482582,-2.01718265625
