model	wid_multi	trainsize	test_acc	train_acc	train_loss	ctParams	GPUs	epochs	train_time	test_time	time	data	run_lbl	lr	maxEpochs	bma_test_acc	bma_test_ll	cmll	mll
LeNet	1	250	29.67	93.2	0.12836426869034767	62006	1	599	1.0146061738332113	0.01457303762435913	03/12 14:53	CIFAR10	runlbl	0.1	600	29.67	-3.96428951459307	-166.56561752746023	-238.1886875
