num_params,decay,best temperature,test acc,bma test acc,bma s3 acc,test LL,bma test LL,cmll
3020,0.1,0.002,55.14,55.15,55.10666666666667,-1.288100751578482,-1.2880931392115076,-10317.940068211054
