num_params,decay,best temperature,test acc,bma test acc,bma s3 acc,test LL,bma test LL,cmll
1561234,0.1,2e-05,80.83,80.83,84.52,-0.5768172578207567,-0.5768227434875677,-3845.010624851679
