num_params,decay,best temperature,test acc,bma test acc,bma s3 acc,test LL,bma test LL,cmll
26160,0.01,0.01,69.29,69.25,73.34666666666666,-0.887102404832351,-0.887206274260697,-6522.704228367304
