num_params,decay,best temperature,test acc,bma test acc,bma s3 acc,test LL,bma test LL,cmll
98384,0.1,4e-05,73.72,73.72,77.92,-0.7686677949817619,-0.7686740816245728,-5573.176396336054
