num_params,decay,best temperature,test acc,bma test acc,bma s3 acc,test LL,bma test LL,cmll
2846,0.0001,4e-05,59.64,59.64,61.12,-1.1629644390915346,-1.1629654599847563,-9155.937138523554
