num_params,decay,best temperature,test acc,bma test acc,bma s3 acc,test LL,bma test LL,cmll
25372,0.01,0.01,64.67,64.62,67.92,-1.0079171096204256,-1.0078561218832969,-7652.759892429804
